mode,N,density,seed,sum_of_costs,makespan,mean_altered,median_altered,max_altered,success_rate,mean_messages,mean_cpu_ms,n_disruptions,unfinished_agents,mean_altered_plan,median_altered_plan,max_altered_plan,mean_altered_path,median_altered_path,max_altered_path,mean_delayed_only,median_delayed_only,max_delayed_only,mean_altered_naive,median_altered_naive,max_altered_naive,rung_histogram,pocl_nodes,st_astar_calls,messages_by_type,conflict_free,failed_init
global,5,0.05,0,1281,177,3.8,4.0,4.0,1.0,0.0,162.54248219993315,5,0,3.8,4.0,4.0,4.0,4.0,5.0,0.0,0.0,0.0,4.0,4.0,5.0,"{""R2_restart"": 5}",6922,171,"{""ABORT"": 0, ""ACCEPT"": 0, ""COMMIT"": 0, ""PROPOSE_ORDER"": 0, ""PROPOSE_REROUTE"": 0, ""REJECT"": 0}",True,0
global,5,0.05,1,1135,197,3.5,3.5,5.0,1.0,0.0,143.3323002497673,4,0,3.5,3.5,5.0,3.5,3.5,5.0,0.0,0.0,0.0,3.5,3.5,5.0,"{""R2_restart"": 4}",6553,120,"{""ABORT"": 0, ""ACCEPT"": 0, ""COMMIT"": 0, ""PROPOSE_ORDER"": 0, ""PROPOSE_REROUTE"": 0, ""REJECT"": 0}",True,0
global,5,0.05,2,1183,189,4.5,5.0,5.0,1.0,0.0,134.96776050033077,4,0,4.5,5.0,5.0,4.5,5.0,5.0,0.0,0.0,0.0,4.5,5.0,5.0,"{""R2_restart"": 4}",6976,136,"{""ABORT"": 0, ""ACCEPT"": 0, ""COMMIT"": 0, ""PROPOSE_ORDER"": 0, ""PROPOSE_REROUTE"": 0, ""REJECT"": 0}",True,0
global,5,0.05,3,1276,213,3.75,3.5,5.0,1.0,0.0,120.1589040001636,4,0,3.75,3.5,5.0,4.25,4.5,5.0,0.0,0.0,0.0,4.25,4.5,5.0,"{""R2_restart"": 4}",6592,136,"{""ABORT"": 0, ""ACCEPT"": 0, ""COMMIT"": 0, ""PROPOSE_ORDER"": 0, ""PROPOSE_REROUTE"": 0, ""REJECT"": 0}",True,0
global,5,0.05,4,1310,190,4.0,4.0,5.0,1.0,0.0,102.92037439976411,5,0,4.0,4.0,5.0,4.2,5.0,5.0,0.0,0.0,0.0,4.2,5.0,5.0,"{""R2_restart"": 5}",7818,147,"{""ABORT"": 0, ""ACCEPT"": 0, ""COMMIT"": 0, ""PROPOSE_ORDER"": 0, ""PROPOSE_REROUTE"": 0, ""REJECT"": 0}",True,0
global,5,0.05,5,1198,180,3.5,3.5,5.0,1.0,0.0,156.26215375004904,4,0,3.5,3.5,5.0,4.0,4.0,5.0,0.0,0.0,0.0,4.0,4.0,5.0,"{""R2_restart"": 4}",5829,126,"{""ABORT"": 0, ""ACCEPT"": 0, ""COMMIT"": 0, ""PROPOSE_ORDER"": 0, ""PROPOSE_REROUTE"": 0, ""REJECT"": 0}",True,0
global,5,0.05,6,1311,200,3.1666666666666665,3.0,5.0,1.0,0.0,159.93128149996969,6,0,3.1666666666666665,3.0,5.0,3.3333333333333335,3.5,5.0,0.0,0.0,0.0,3.3333333333333335,3.5,5.0,"{""R2_restart"": 6}",9234,188,"{""ABORT"": 0, ""ACCEPT"": 0, ""COMMIT"": 0, ""PROPOSE_ORDER"": 0, ""PROPOSE_REROUTE"": 0, ""REJECT"": 0}",True,0
global,5,0.05,7,1046,156,3.75,4.0,5.0,1.0,0.0,128.25649749993318,8,0,3.75,4.0,5.0,4.125,4.0,5.0,0.0,0.0,0.0,4.125,4.0,5.0,"{""R2_restart"": 8}",12521,244,"{""ABORT"": 0, ""ACCEPT"": 0, ""COMMIT"": 0, ""PROPOSE_ORDER"": 0, ""PROPOSE_REROUTE"": 0, ""REJECT"": 0}",True,0
global,5,0.05,8,1282,188,2.6,3.0,4.0,1.0,0.0,92.50322439984302,5,0,2.6,3.0,4.0,3.0,3.0,4.0,0.0,0.0,0.0,3.0,3.0,4.0,"{""R2_restart"": 5}",9740,155,"{""ABORT"": 0, ""ACCEPT"": 0, ""COMMIT"": 0, ""PROPOSE_ORDER"": 0, ""PROPOSE_REROUTE"": 0, ""REJECT"": 0}",True,0
global,5,0.05,9,1231,189,3.0,2.0,5.0,1.0,0.0,105.24255659984192,5,0,3.0,2.0,5.0,3.6,3.0,5.0,0.0,0.0,0.0,3.6,3.0,5.0,"{""R2_restart"": 5}",6484,161,"{""ABORT"": 0, ""ACCEPT"": 0, ""COMMIT"": 0, ""PROPOSE_ORDER"": 0, ""PROPOSE_REROUTE"": 0, ""REJECT"": 0}",True,0
global,10,0.05,0,2421,178,6.555555555555555,7.0,8.0,1.0,0.0,221.2335886666147,9,0,6.555555555555555,7.0,8.0,7.111111111111111,7.0,9.0,0.0,0.0,0.0,7.111111111111111,7.0,9.0,"{""R2_restart"": 9}",26794,554,"{""ABORT"": 0, ""ACCEPT"": 0, ""COMMIT"": 0, ""PROPOSE_ORDER"": 0, ""PROPOSE_REROUTE"": 0, ""REJECT"": 0}",True,0
global,10,0.05,1,2628,217,1.1585365853658536,1.0,9.0,1.0,0.0,117.95544440853955,492,0,1.1585365853658536,1.0,9.0,1.160569105691057,1.0,9.0,0.0,0.0,0.0,1.160569105691057,1.0,9.0,"{""R2_restart"": 492}",1163144,26572,"{""ABORT"": 0, ""ACCEPT"": 0, ""COMMIT"": 0, ""PROPOSE_ORDER"": 0, ""PROPOSE_REROUTE"": 0, ""REJECT"": 0}",False,0
global,10,0.05,2,2386,192,5.857142857142857,7.0,8.0,1.0,0.0,185.7519718570464,7,0,5.857142857142857,7.0,8.0,6.428571428571429,7.0,9.0,0.0,0.0,0.0,6.428571428571429,7.0,9.0,"{""R2_restart"": 7}",21375,410,"{""ABORT"": 0, ""ACCEPT"": 0, ""COMMIT"": 0, ""PROPOSE_ORDER"": 0, ""PROPOSE_REROUTE"": 0, ""REJECT"": 0}",True,0
global,10,0.05,3,2512,202,1.2307692307692308,1.0,9.0,1.0,0.0,181.0348369473741,247,0,1.2307692307692308,1.0,9.0,1.2388663967611335,1.0,10.0,0.0,0.0,0.0,1.2388663967611335,1.0,10.0,"{""R2_restart"": 247}",920888,14842,"{""ABORT"": 0, ""ACCEPT"": 0, ""COMMIT"": 0, ""PROPOSE_ORDER"": 0, ""PROPOSE_REROUTE"": 0, ""REJECT"": 0}",False,0
global,10,0.05,4,2436,177,7.0,7.0,9.0,1.0,0.0,218.13319649997234,6,0,7.0,7.0,9.0,8.166666666666666,8.0,9.0,0.0,0.0,0.0,8.166666666666666,8.0,9.0,"{""R2_restart"": 6}",17125,356,"{""ABORT"": 0, ""ACCEPT"": 0, ""COMMIT"": 0, ""PROPOSE_ORDER"": 0, ""PROPOSE_REROUTE"": 0, ""REJECT"": 0}",True,0
global,10,0.05,5,2576,244,7.0,7.0,9.0,1.0,0.0,175.49115033337634,9,0,7.0,7.0,9.0,7.777777777777778,8.0,10.0,0.0,0.0,0.0,7.777777777777778,8.0,10.0,"{""R2_restart"": 9}",29087,480,"{""ABORT"": 0, ""ACCEPT"": 0, ""COMMIT"": 0, ""PROPOSE_ORDER"": 0, ""PROPOSE_REROUTE"": 0, ""REJECT"": 0}",True,0
global,10,0.05,6,2481,203,8.0,8.0,10.0,1.0,0.0,2596.5519221251725,8,0,8.0,8.0,10.0,8.125,8.0,10.0,0.0,0.0,0.0,8.125,8.0,10.0,"{""R2_restart"": 8}",478426,458,"{""ABORT"": 0, ""ACCEPT"": 0, ""COMMIT"": 0, ""PROPOSE_ORDER"": 0, ""PROPOSE_REROUTE"": 0, ""REJECT"": 0}",True,0
global,10,0.05,7,2249,196,6.0,7.0,9.0,1.0,0.0,565.4016780001257,5,0,6.0,7.0,9.0,6.8,7.0,10.0,0.0,0.0,0.0,6.8,7.0,10.0,"{""R2_restart"": 5}",60132,308,"{""ABORT"": 0, ""ACCEPT"": 0, ""COMMIT"": 0, ""PROPOSE_ORDER"": 0, ""PROPOSE_REROUTE"": 0, ""REJECT"": 0}",True,0
global,10,0.05,8,2512,186,6.6,8.0,10.0,1.0,0.0,272.2874195998884,5,0,6.6,8.0,10.0,7.2,9.0,10.0,0.0,0.0,0.0,7.2,9.0,10.0,"{""R2_restart"": 5}",18697,338,"{""ABORT"": 0, ""ACCEPT"": 0, ""COMMIT"": 0, ""PROPOSE_ORDER"": 0, ""PROPOSE_REROUTE"": 0, ""REJECT"": 0}",True,0
global,10,0.05,9,2313,162,7.571428571428571,7.0,10.0,1.0,0.0,360.8309347143534,7,0,7.571428571428571,7.0,10.0,8.142857142857142,7.0,10.0,0.0,0.0,0.0,8.142857142857142,7.0,10.0,"{""R2_restart"": 7}",15889,426,"{""ABORT"": 0, ""ACCEPT"": 0, ""COMMIT"": 0, ""PROPOSE_ORDER"": 0, ""PROPOSE_REROUTE"": 0, ""REJECT"": 0}",True,0
global,20,0.05,0,5239,197,16.7,16.5,20.0,1.0,0.0,1998.2356616999823,10,0,16.7,16.5,20.0,17.5,17.5,20.0,0.1,0.0,1.0,17.6,17.5,20.0,"{""R2_restart"": 10}",404505,1212,"{""ABORT"": 0, ""ACCEPT"": 0, ""COMMIT"": 0, ""PROPOSE_ORDER"": 0, ""PROPOSE_REROUTE"": 0, ""REJECT"": 0}",True,0
global,20,0.05,2,4974,214,13.166666666666666,15.0,18.0,1.0,0.0,642.9360414999792,12,0,13.166666666666666,15.0,18.0,15.333333333333334,15.5,19.0,0.25,0.0,1.0,15.583333333333334,16.0,20.0,"{""R2_restart"": 12}",164162,1352,"{""ABORT"": 0, ""ACCEPT"": 0, ""COMMIT"": 0, ""PROPOSE_ORDER"": 0, ""PROPOSE_REROUTE"": 0, ""REJECT"": 0}",True,0
global,20,0.05,3,4962,193,13.545454545454545,15.0,19.0,1.0,0.0,1996.4335183637806,11,0,13.545454545454545,15.0,19.0,14.454545454545455,17.0,19.0,0.0,0.0,0.0,14.454545454545455,17.0,19.0,"{""R2_restart"": 11}",452257,1294,"{""ABORT"": 0, ""ACCEPT"": 0, ""COMMIT"": 0, ""PROPOSE_ORDER"": 0, ""PROPOSE_REROUTE"": 0, ""REJECT"": 0}",True,0
global,20,0.05,4,5127,203,15.857142857142858,17.0,19.0,1.0,0.0,514.2616759998679,7,0,15.857142857142858,17.0,19.0,17.142857142857142,19.0,20.0,0.0,0.0,0.0,17.142857142857142,19.0,20.0,"{""R2_restart"": 7}",44270,844,"{""ABORT"": 0, ""ACCEPT"": 0, ""COMMIT"": 0, ""PROPOSE_ORDER"": 0, ""PROPOSE_REROUTE"": 0, ""REJECT"": 0}",True,0
global,20,0.05,5,5327,203,15.692307692307692,17.0,19.0,1.0,0.0,3051.3973575384275,13,0,15.692307692307692,17.0,19.0,16.53846153846154,17.0,20.0,0.07692307692307693,0.0,1.0,16.615384615384617,17.0,20.0,"{""R2_restart"": 13}",819333,1460,"{""ABORT"": 0, ""ACCEPT"": 0, ""COMMIT"": 0, ""PROPOSE_ORDER"": 0, ""PROPOSE_REROUTE"": 0, ""REJECT"": 0}",True,0
global,20,0.05,6,5189,216,12.363636363636363,15.0,17.0,1.0,0.0,2746.9165076363424,11,0,12.363636363636363,15.0,17.0,13.272727272727273,15.0,18.0,0.0,0.0,0.0,13.272727272727273,15.0,18.0,"{""R2_restart"": 11}",615170,1344,"{""ABORT"": 0, ""ACCEPT"": 0, ""COMMIT"": 0, ""PROPOSE_ORDER"": 0, ""PROPOSE_REROUTE"": 0, ""REJECT"": 0}",True,0
global,20,0.05,7,5122,201,14.363636363636363,15.0,18.0,1.0,0.0,4080.699380999993,11,0,14.363636363636363,15.0,18.0,16.727272727272727,18.0,19.0,0.18181818181818182,0.0,1.0,16.90909090909091,18.0,19.0,"{""R2_restart"": 11}",1106286,1320,"{""ABORT"": 0, ""ACCEPT"": 0, ""COMMIT"": 0, ""PROPOSE_ORDER"": 0, ""PROPOSE_REROUTE"": 0, ""REJECT"": 0}",True,0
global,20,0.05,8,4965,212,17.714285714285715,19.0,20.0,1.0,0.0,3225.4306454285274,7,0,17.714285714285715,19.0,20.0,18.0,19.0,20.0,0.14285714285714285,0.0,1.0,18.142857142857142,19.0,20.0,"{""R2_restart"": 7}",440181,850,"{""ABORT"": 0, ""ACCEPT"": 0, ""COMMIT"": 0, ""PROPOSE_ORDER"": 0, ""PROPOSE_REROUTE"": 0, ""REJECT"": 0}",True,0
global,20,0.05,9,5077,194,14.8,15.5,17.0,1.0,0.0,335.6780512000114,10,0,14.8,15.5,17.0,16.4,16.0,19.0,0.0,0.0,0.0,16.4,16.0,19.0,"{""R2_restart"": 10}",62035,1130,"{""ABORT"": 0, ""ACCEPT"": 0, ""COMMIT"": 0, ""PROPOSE_ORDER"": 0, ""PROPOSE_REROUTE"": 0, ""REJECT"": 0}",True,0
global,30,0.05,0,7830,215,24.8,25.0,28.0,1.0,0.0,1945.7641865999904,10,0,24.8,25.0,28.0,26.6,27.0,29.0,0.0,0.0,0.0,26.6,27.0,29.0,"{""R2_restart"": 10}",314170,1774,"{""ABORT"": 0, ""ACCEPT"": 0, ""COMMIT"": 0, ""PROPOSE_ORDER"": 0, ""PROPOSE_REROUTE"": 0, ""REJECT"": 0}",True,0
global,30,0.05,1,8421,219,25.0,24.0,28.0,0.9090909090909091,0.0,1779.0395699089872,11,0,25.0,24.0,28.0,26.90909090909091,27.0,29.0,0.2727272727272727,0.0,1.0,27.181818181818183,27.0,29.0,"{""R2_restart"": 11}",452245,2021,"{""ABORT"": 0, ""ACCEPT"": 0, ""COMMIT"": 0, ""PROPOSE_ORDER"": 0, ""PROPOSE_REROUTE"": 0, ""REJECT"": 0}",True,0
global,30,0.05,2,7675,190,23.333333333333332,25.0,28.0,1.0,0.0,1522.5844432499496,12,0,23.333333333333332,25.0,28.0,26.25,29.0,30.0,0.0,0.0,0.0,26.25,29.0,30.0,"{""R2_restart"": 12}",371274,2136,"{""ABORT"": 0, ""ACCEPT"": 0, ""COMMIT"": 0, ""PROPOSE_ORDER"": 0, ""PROPOSE_REROUTE"": 0, ""REJECT"": 0}",True,0
global,30,0.05,4,8006,218,24.454545454545453,25.0,29.0,1.0,0.0,2566.877358636372,11,0,24.454545454545453,25.0,29.0,26.363636363636363,28.0,30.0,0.0,0.0,0.0,26.363636363636363,28.0,30.0,"{""R2_restart"": 11}",601421,1960,"{""ABORT"": 0, ""ACCEPT"": 0, ""COMMIT"": 0, ""PROPOSE_ORDER"": 0, ""PROPOSE_REROUTE"": 0, ""REJECT"": 0}",True,0
global,30,0.05,5,7985,223,2.7011494252873565,1.0,28.0,1.0,0.0,879.4126169597656,174,1,2.7011494252873565,1.0,28.0,2.8620689655172415,1.0,28.0,0.0,0.0,0.0,2.8620689655172415,1.0,28.0,"{""R2_restart"": 174}",2823246,23058,"{""ABORT"": 0, ""ACCEPT"": 0, ""COMMIT"": 0, ""PROPOSE_ORDER"": 0, ""PROPOSE_REROUTE"": 0, ""REJECT"": 0}",False,1
global,30,0.05,6,8368,222,24.058823529411764,22.0,29.0,0.7647058823529411,0.0,24190.257394882363,17,1,24.058823529411764,22.0,29.0,26.235294117647058,26.0,30.0,0.0,0.0,0.0,26.235294117647058,26.0,30.0,"{""R2_restart"": 17}",8603293,2682,"{""ABORT"": 0, ""ACCEPT"": 0, ""COMMIT"": 0, ""PROPOSE_ORDER"": 0, ""PROPOSE_REROUTE"": 0, ""REJECT"": 0}",True,0
global,30,0.05,7,7518,221,22.3,25.0,29.0,0.9,0.0,7313.563658900057,10,0,22.3,25.0,29.0,24.6,26.0,30.0,0.0,0.0,0.0,24.6,26.0,30.0,"{""R2_restart"": 10}",1311426,1657,"{""ABORT"": 0, ""ACCEPT"": 0, ""COMMIT"": 0, ""PROPOSE_ORDER"": 0, ""PROPOSE_REROUTE"": 0, ""REJECT"": 0}",True,0
global,30,0.05,8,7346,190,1.9758064516129032,1.0,30.0,1.0,0.0,2928.232278241936,248,0,1.9758064516129032,1.0,30.0,2.0524193548387095,1.0,30.0,0.0,0.0,0.0,2.0524193548387095,1.0,30.0,"{""R2_restart"": 248}",15600058,30050,"{""ABORT"": 0, ""ACCEPT"": 0, ""COMMIT"": 0, ""PROPOSE_ORDER"": 0, ""PROPOSE_REROUTE"": 0, ""REJECT"": 0}",False,0
negotiate,5,0.05,0,1606,263,1.5,1.5,2.0,1.0,0.0,947.1890823333524,6,0,1.5,1.5,2.0,1.6666666666666667,2.0,2.0,0.0,0.0,0.0,1.6666666666666667,2.0,2.0,"{""R1"": 1, ""R2"": 4, ""R4"": 1}",5975,121,"{""ABORT"": 0, ""ACCEPT"": 0, ""COMMIT"": 0, ""PROPOSE_ORDER"": 0, ""PROPOSE_REROUTE"": 0, ""REJECT"": 0}",True,0
negotiate,5,0.05,1,1306,262,1.0,1.0,1.0,0.75,0.0,111.38023700004851,4,1,1.0,1.0,1.0,1.0,1.0,1.0,0.0,0.0,0.0,1.0,1.0,1.0,"{""R2"": 3, ""R4"": 1}",3919,42,"{""ABORT"": 0, ""ACCEPT"": 0, ""COMMIT"": 0, ""PROPOSE_ORDER"": 0, ""PROPOSE_REROUTE"": 0, ""REJECT"": 0}",True,0
negotiate,5,0.05,2,1542,259,2.25,2.5,3.0,1.0,0.0,104.33016700017106,4,0,2.25,2.5,3.0,2.25,2.5,3.0,0.0,0.0,0.0,2.25,2.5,3.0,"{""R1"": 2, ""R2"": 2}",4767,102,"{""ABORT"": 0, ""ACCEPT"": 0, ""COMMIT"": 0, ""PROPOSE_ORDER"": 0, ""PROPOSE_REROUTE"": 0, ""REJECT"": 0}",True,0
negotiate,5,0.05,3,1718,230,1.5,1.5,2.0,1.0,0.0,133.40874025016092,4,0,1.5,1.5,2.0,1.5,1.5,2.0,0.0,0.0,0.0,1.5,1.5,2.0,"{""R1"": 1, ""R2"": 3}",9200,80,"{""ABORT"": 0, ""ACCEPT"": 0, ""COMMIT"": 0, ""PROPOSE_ORDER"": 0, ""PROPOSE_REROUTE"": 0, ""REJECT"": 0}",True,0
negotiate,5,0.05,4,1638,250,1.6,2.0,2.0,1.0,0.0,85.82174719995237,5,0,1.6,2.0,2.0,1.6,2.0,2.0,0.0,0.0,0.0,1.6,2.0,2.0,"{""R1"": 2, ""R2"": 3}",6120,82,"{""ABORT"": 0, ""ACCEPT"": 0, ""COMMIT"": 0, ""PROPOSE_ORDER"": 0, ""PROPOSE_REROUTE"": 0, ""REJECT"": 0}",True,0
negotiate,5,0.05,5,1613,230,1.6666666666666667,1.5,3.0,0.8333333333333334,0.0,6966.054773166434,6,0,1.6666666666666667,1.5,3.0,1.6666666666666667,1.5,3.0,0.0,0.0,0.0,1.6666666666666667,1.5,3.0,"{""R1"": 1, ""R2"": 4, ""R4"": 1}",843992,125,"{""ABORT"": 0, ""ACCEPT"": 0, ""COMMIT"": 0, ""PROPOSE_ORDER"": 0, ""PROPOSE_REROUTE"": 0, ""REJECT"": 0}",True,0
negotiate,5,0.05,6,1540,193,1.3333333333333333,1.0,2.0,1.0,0.0,74.85695200011833,6,0,1.3333333333333333,1.0,2.0,1.3333333333333333,1.0,2.0,0.0,0.0,0.0,1.3333333333333333,1.0,2.0,"{""R1"": 2, ""R2"": 4}",5470,92,"{""ABORT"": 0, ""ACCEPT"": 0, ""COMMIT"": 0, ""PROPOSE_ORDER"": 0, ""PROPOSE_REROUTE"": 0, ""REJECT"": 0}",True,0
negotiate,5,0.05,7,1286,166,1.25,1.0,2.0,1.0,0.0,122.02379099994687,8,0,1.25,1.0,2.0,1.375,1.0,2.0,0.0,0.0,0.0,1.375,1.0,2.0,"{""R1"": 5, ""R2"": 3}",8772,140,"{""ABORT"": 0, ""ACCEPT"": 0, ""COMMIT"": 0, ""PROPOSE_ORDER"": 0, ""PROPOSE_REROUTE"": 0, ""REJECT"": 0}",True,0
negotiate,5,0.05,8,1577,226,1.2,1.0,2.0,1.0,0.0,61.41571219995967,5,0,1.2,1.0,2.0,1.2,1.0,2.0,0.0,0.0,0.0,1.2,1.0,2.0,"{""R1"": 1, ""R2"": 4}",4724,77,"{""ABORT"": 0, ""ACCEPT"": 0, ""COMMIT"": 0, ""PROPOSE_ORDER"": 0, ""PROPOSE_REROUTE"": 0, ""REJECT"": 0}",True,0
negotiate,5,0.05,9,1501,200,1.0,1.0,1.0,1.0,0.0,42.15047039979254,5,0,1.0,1.0,1.0,1.0,1.0,1.0,0.0,0.0,0.0,1.0,1.0,1.0,"{""R1"": 2, ""R2"": 3}",2973,74,"{""ABORT"": 0, ""ACCEPT"": 0, ""COMMIT"": 0, ""PROPOSE_ORDER"": 0, ""PROPOSE_REROUTE"": 0, ""REJECT"": 0}",True,0
negotiate,10,0.05,0,2746,202,2.090909090909091,2.0,4.0,0.9090909090909091,0.0,134.14027645442482,11,0,2.090909090909091,2.0,4.0,2.3636363636363638,2.0,5.0,0.0,0.0,0.0,2.3636363636363638,2.0,5.0,"{""R0"": 1, ""R1"": 6, ""R2"": 3, ""R4"": 1}",11782,248,"{""ABORT"": 0, ""ACCEPT"": 0, ""COMMIT"": 0, ""PROPOSE_ORDER"": 0, ""PROPOSE_REROUTE"": 0, ""REJECT"": 0}",True,0
negotiate,10,0.05,1,2866,283,1.6153846153846154,1.0,3.0,0.9230769230769231,0.0,6872.399520230689,13,0,1.6153846153846154,1.0,3.0,1.6153846153846154,1.0,3.0,0.0,0.0,0.0,1.6153846153846154,1.0,3.0,"{""R0"": 1, ""R1"": 7, ""R2"": 4, ""R4"": 1}",1743405,217,"{""ABORT"": 0, ""ACCEPT"": 0, ""COMMIT"": 0, ""PROPOSE_ORDER"": 0, ""PROPOSE_REROUTE"": 0, ""REJECT"": 0}",True,0
negotiate,10,0.05,2,2655,207,1.4285714285714286,1.0,3.0,1.0,0.0,92.10378657137751,7,0,1.4285714285714286,1.0,3.0,1.5714285714285714,1.0,3.0,0.0,0.0,0.0,1.5714285714285714,1.0,3.0,"{""R0"": 1, ""R1"": 2, ""R2"": 4}",5922,123,"{""ABORT"": 0, ""ACCEPT"": 0, ""COMMIT"": 0, ""PROPOSE_ORDER"": 0, ""PROPOSE_REROUTE"": 0, ""REJECT"": 0}",True,0
negotiate,10,0.05,3,3006,305,1.25,1.0,2.0,0.75,0.0,5157.3370421249365,8,0,1.25,1.0,2.0,1.25,1.0,2.0,0.0,0.0,0.0,1.25,1.0,2.0,"{""R1"": 2, ""R2"": 4, ""R4"": 2}",826960,102,"{""ABORT"": 0, ""ACCEPT"": 0, ""COMMIT"": 0, ""PROPOSE_ORDER"": 0, ""PROPOSE_REROUTE"": 0, ""REJECT"": 0}",True,0
negotiate,10,0.05,4,2757,236,3.0,3.0,4.0,1.0,0.0,326.4306553334488,6,0,3.0,3.0,4.0,3.0,3.0,4.0,0.0,0.0,0.0,3.0,3.0,4.0,"{""R1"": 3, ""R2"": 3}",48545,166,"{""ABORT"": 0, ""ACCEPT"": 0, ""COMMIT"": 0, ""PROPOSE_ORDER"": 0, ""PROPOSE_REROUTE"": 0, ""REJECT"": 0}",True,0
negotiate,10,0.05,5,2671,226,1.6,1.5,3.0,1.0,0.0,1041.714477700043,10,0,1.6,1.5,3.0,1.7,1.5,4.0,0.0,0.0,0.0,1.7,1.5,4.0,"{""R1"": 5, ""R2"": 4, ""R4"": 1}",254728,179,"{""ABORT"": 0, ""ACCEPT"": 0, ""COMMIT"": 0, ""PROPOSE_ORDER"": 0, ""PROPOSE_REROUTE"": 0, ""REJECT"": 0}",True,0
negotiate,10,0.05,6,2734,238,1.375,1.0,3.0,1.0,0.0,160.00785312485277,8,0,1.375,1.0,3.0,1.5,1.0,3.0,0.0,0.0,0.0,1.5,1.0,3.0,"{""R1"": 6, ""R2"": 2}",20195,134,"{""ABORT"": 0, ""ACCEPT"": 0, ""COMMIT"": 0, ""PROPOSE_ORDER"": 0, ""PROPOSE_REROUTE"": 0, ""REJECT"": 0}",True,0
negotiate,10,0.05,7,2521,210,2.1666666666666665,2.0,3.0,1.0,0.0,2681.958164833304,6,0,2.1666666666666665,2.0,3.0,2.1666666666666665,2.0,3.0,0.0,0.0,0.0,2.1666666666666665,2.0,3.0,"{""R1"": 1, ""R2"": 4, ""R4"": 1}",182572,209,"{""ABORT"": 0, ""ACCEPT"": 0, ""COMMIT"": 0, ""PROPOSE_ORDER"": 0, ""PROPOSE_REROUTE"": 0, ""REJECT"": 0}",True,0
negotiate,10,0.05,8,2758,212,1.8,2.0,3.0,1.0,0.0,127.52483780022885,5,0,1.8,2.0,3.0,2.0,2.0,3.0,0.0,0.0,0.0,2.0,2.0,3.0,"{""R1"": 2, ""R2"": 3}",5882,105,"{""ABORT"": 0, ""ACCEPT"": 0, ""COMMIT"": 0, ""PROPOSE_ORDER"": 0, ""PROPOSE_REROUTE"": 0, ""REJECT"": 0}",True,0
negotiate,10,0.05,9,2395,162,2.0,2.0,3.0,1.0,0.0,103.54864385694133,7,0,2.0,2.0,3.0,2.0,2.0,3.0,0.0,0.0,0.0,2.0,2.0,3.0,"{""R1"": 4, ""R2"": 3}",5381,147,"{""ABORT"": 0, ""ACCEPT"": 0, ""COMMIT"": 0, ""PROPOSE_ORDER"": 0, ""PROPOSE_REROUTE"": 0, ""REJECT"": 0}",True,0
negotiate,20,0.05,0,5308,214,1.9,2.0,3.0,0.9,0.0,9143.876441300017,10,0,1.9,2.0,3.0,2.1,2.0,3.0,0.0,0.0,0.0,2.1,2.0,3.0,"{""R0"": 1, ""R1"": 4, ""R2"": 4, ""R4"": 1}",1641116,205,"{""ABORT"": 0, ""ACCEPT"": 0, ""COMMIT"": 0, ""PROPOSE_ORDER"": 0, ""PROPOSE_REROUTE"": 0, ""REJECT"": 0}",True,0
negotiate,20,0.05,2,5085,248,3.142857142857143,2.5,9.0,1.0,0.0,732.3139902858072,14,0,3.142857142857143,2.5,9.0,3.4285714285714284,3.0,9.0,0.0,0.0,0.0,3.4285714285714284,3.0,9.0,"{""R1"": 10, ""R2"": 4}",191772,412,"{""ABORT"": 0, ""ACCEPT"": 0, ""COMMIT"": 0, ""PROPOSE_ORDER"": 0, ""PROPOSE_REROUTE"": 0, ""REJECT"": 0}",True,0
negotiate,20,0.05,3,5046,187,2.4166666666666665,2.0,4.0,1.0,0.0,276.38792558324593,12,0,2.4166666666666665,2.0,4.0,2.5833333333333335,2.0,4.0,0.0,0.0,0.0,2.5833333333333335,2.0,4.0,"{""R1"": 9, ""R2"": 3}",38614,286,"{""ABORT"": 0, ""ACCEPT"": 0, ""COMMIT"": 0, ""PROPOSE_ORDER"": 0, ""PROPOSE_REROUTE"": 0, ""REJECT"": 0}",True,0
negotiate,20,0.05,4,5164,206,1.0518292682926829,1.0,4.0,1.0,0.0,145.57213656401962,328,0,1.0518292682926829,1.0,4.0,1.0579268292682926,1.0,4.0,0.0,0.0,0.0,1.0579268292682926,1.0,4.0,"{""R0"": 318, ""R1"": 5, ""R2"": 5}",687526,11398,"{""ABORT"": 0, ""ACCEPT"": 0, ""COMMIT"": 0, ""PROPOSE_ORDER"": 0, ""PROPOSE_REROUTE"": 0, ""REJECT"": 0}",False,0
negotiate,20,0.05,5,5023,216,2.533333333333333,2.0,6.0,0.9333333333333333,0.0,12278.992015200007,15,0,2.533333333333333,2.0,6.0,2.6,2.0,6.0,0.06666666666666667,0.0,1.0,2.6666666666666665,2.0,6.0,"{""R1"": 10, ""R2"": 4, ""R4"": 1}",3772992,347,"{""ABORT"": 0, ""ACCEPT"": 0, ""COMMIT"": 0, ""PROPOSE_ORDER"": 0, ""PROPOSE_REROUTE"": 0, ""REJECT"": 0}",True,0
negotiate,20,0.05,6,5251,231,1.9166666666666667,2.0,5.0,1.0,0.0,267.7595145833038,12,0,1.9166666666666667,2.0,5.0,1.9166666666666667,2.0,5.0,0.08333333333333333,0.0,1.0,2.0,2.0,5.0,"{""R0"": 1, ""R1"": 8, ""R2"": 3}",70250,257,"{""ABORT"": 0, ""ACCEPT"": 0, ""COMMIT"": 0, ""PROPOSE_ORDER"": 0, ""PROPOSE_REROUTE"": 0, ""REJECT"": 0}",True,0
negotiate,20,0.05,7,4961,212,1.0535279805352797,1.0,6.0,1.0,0.0,126.8561901167902,411,0,1.0535279805352797,1.0,6.0,1.0681265206812651,1.0,9.0,0.0,0.0,0.0,1.0681265206812651,1.0,9.0,"{""R0"": 397, ""R1"": 11, ""R2"": 3}",729868,11900,"{""ABORT"": 0, ""ACCEPT"": 0, ""COMMIT"": 0, ""PROPOSE_ORDER"": 0, ""PROPOSE_REROUTE"": 0, ""REJECT"": 0}",False,0
negotiate,20,0.05,8,5183,222,4.142857142857143,4.0,8.0,1.0,0.0,1531.0855291429887,7,0,4.142857142857143,4.0,8.0,4.428571428571429,4.0,8.0,0.0,0.0,0.0,4.428571428571429,4.0,8.0,"{""R1"": 4, ""R2"": 3}",203360,255,"{""ABORT"": 0, ""ACCEPT"": 0, ""COMMIT"": 0, ""PROPOSE_ORDER"": 0, ""PROPOSE_REROUTE"": 0, ""REJECT"": 0}",True,0
negotiate,20,0.05,9,5132,190,1.0489795918367346,1.0,10.0,1.0,0.0,145.44776096530657,490,0,1.0489795918367346,1.0,10.0,1.0571428571428572,1.0,10.0,0.0,0.0,0.0,1.0571428571428572,1.0,10.0,"{""R0"": 480, ""R1"": 6, ""R2"": 4}",1261594,7043,"{""ABORT"": 0, ""ACCEPT"": 0, ""COMMIT"": 0, ""PROPOSE_ORDER"": 0, ""PROPOSE_REROUTE"": 0, ""REJECT"": 0}",False,0
negotiate,30,0.05,0,7537,192,2.6363636363636362,2.0,7.0,1.0,0.0,215.47775400011398,11,0,2.6363636363636362,2.0,7.0,2.8181818181818183,2.0,7.0,0.0,0.0,0.0,2.8181818181818183,2.0,7.0,"{""R1"": 5, ""R2"": 6}",20243,305,"{""ABORT"": 0, ""ACCEPT"": 0, ""COMMIT"": 0, ""PROPOSE_ORDER"": 0, ""PROPOSE_REROUTE"": 0, ""REJECT"": 0}",True,0
negotiate,30,0.05,1,8304,242,1.0476190476190477,1.0,8.0,1.0,0.0,164.3536191520745,651,0,1.0476190476190477,1.0,8.0,1.0506912442396312,1.0,8.0,0.0015360983102918587,0.0,1.0,1.0522273425499231,1.0,8.0,"{""R0"": 637, ""R1"": 9, ""R2"": 5}",1492550,22103,"{""ABORT"": 0, ""ACCEPT"": 0, ""COMMIT"": 0, ""PROPOSE_ORDER"": 0, ""PROPOSE_REROUTE"": 0, ""REJECT"": 0}",False,0
negotiate,30,0.05,2,7611,226,2.5833333333333335,2.0,6.0,1.0,0.0,429.1894229166549,12,0,2.5833333333333335,2.0,6.0,2.8333333333333335,3.0,6.0,0.0,0.0,0.0,2.8333333333333335,3.0,6.0,"{""R0"": 1, ""R1"": 8, ""R2"": 3}",66709,296,"{""ABORT"": 0, ""ACCEPT"": 0, ""COMMIT"": 0, ""PROPOSE_ORDER"": 0, ""PROPOSE_REROUTE"": 0, ""REJECT"": 0}",True,0
negotiate,30,0.05,4,7820,214,5.583333333333333,6.5,10.0,1.0,0.0,344.00698683339215,12,0,5.583333333333333,6.5,10.0,5.916666666666667,7.0,11.0,0.0,0.0,0.0,5.916666666666667,7.0,11.0,"{""R1"": 8, ""R2"": 4}",53719,540,"{""ABORT"": 0, ""ACCEPT"": 0, ""COMMIT"": 0, ""PROPOSE_ORDER"": 0, ""PROPOSE_REROUTE"": 0, ""REJECT"": 0}",True,0
negotiate,30,0.05,5,7813,222,3.4,3.0,11.0,1.0,0.0,305.34546513335954,15,0,3.4,3.0,11.0,3.7333333333333334,3.0,11.0,0.0,0.0,0.0,3.7333333333333334,3.0,11.0,"{""R1"": 10, ""R2"": 5}",33805,447,"{""ABORT"": 0, ""ACCEPT"": 0, ""COMMIT"": 0, ""PROPOSE_ORDER"": 0, ""PROPOSE_REROUTE"": 0, ""REJECT"": 0}",True,1
negotiate,30,0.05,6,7634,232,3.823529411764706,3.0,10.0,1.0,0.0,214.82711364703445,17,0,3.823529411764706,3.0,10.0,4.176470588235294,4.0,11.0,0.0,0.0,0.0,4.176470588235294,4.0,11.0,"{""R0"": 1, ""R1"": 10, ""R2"": 6}",48411,518,"{""ABORT"": 0, ""ACCEPT"": 0, ""COMMIT"": 0, ""PROPOSE_ORDER"": 0, ""PROPOSE_REROUTE"": 0, ""REJECT"": 0}",True,0
negotiate,30,0.05,7,7361,208,3.727272727272727,3.0,10.0,0.8181818181818182,0.0,27777.739378272767,11,0,3.727272727272727,3.0,10.0,4.0,3.0,10.0,0.0,0.0,0.0,4.0,3.0,10.0,"{""R1"": 3, ""R2"": 6, ""R4"": 2}",5684020,391,"{""ABORT"": 0, ""ACCEPT"": 0, ""COMMIT"": 0, ""PROPOSE_ORDER"": 0, ""PROPOSE_REROUTE"": 0, ""REJECT"": 0}",True,0
negotiate,30,0.05,8,7235,194,4.0,3.5,9.0,1.0,0.0,268.607046624993,8,0,4.0,3.5,9.0,4.125,4.0,9.0,0.0,0.0,0.0,4.125,4.0,9.0,"{""R1"": 4, ""R2"": 4}",19438,222,"{""ABORT"": 0, ""ACCEPT"": 0, ""COMMIT"": 0, ""PROPOSE_ORDER"": 0, ""PROPOSE_REROUTE"": 0, ""REJECT"": 0}",True,0
self_only,5,0.05,0,1598,263,1.3333333333333333,1.0,2.0,1.0,0.0,958.2881131667212,6,0,1.3333333333333333,1.0,2.0,1.3333333333333333,1.0,2.0,0.0,0.0,0.0,1.3333333333333333,1.0,2.0,"{""R1"": 1, ""R2"": 4, ""R4"": 1}",2729,59,"{""ABORT"": 0, ""ACCEPT"": 0, ""COMMIT"": 0, ""PROPOSE_ORDER"": 0, ""PROPOSE_REROUTE"": 0, ""REJECT"": 0}",True,0
self_only,5,0.05,1,1306,262,1.0,1.0,1.0,0.75,0.0,91.80815450008595,4,1,1.0,1.0,1.0,1.0,1.0,1.0,0.0,0.0,0.0,1.0,1.0,1.0,"{""R2"": 3, ""R4"": 1}",1931,21,"{""ABORT"": 0, ""ACCEPT"": 0, ""COMMIT"": 0, ""PROPOSE_ORDER"": 0, ""PROPOSE_REROUTE"": 0, ""REJECT"": 0}",True,0
self_only,5,0.05,2,1547,259,1.1666666666666667,1.0,2.0,1.0,0.0,54.165165166523366,6,0,1.1666666666666667,1.0,2.0,1.1666666666666667,1.0,2.0,0.0,0.0,0.0,1.1666666666666667,1.0,2.0,"{""R1"": 4, ""R2"": 2}",2216,51,"{""ABORT"": 0, ""ACCEPT"": 0, ""COMMIT"": 0, ""PROPOSE_ORDER"": 0, ""PROPOSE_REROUTE"": 0, ""REJECT"": 0}",True,0
self_only,5,0.05,3,1722,230,1.0,1.0,1.0,1.0,0.0,88.57335500033514,4,0,1.0,1.0,1.0,1.0,1.0,1.0,0.0,0.0,0.0,1.0,1.0,1.0,"{""R1"": 1, ""R2"": 3}",1586,30,"{""ABORT"": 0, ""ACCEPT"": 0, ""COMMIT"": 0, ""PROPOSE_ORDER"": 0, ""PROPOSE_REROUTE"": 0, ""REJECT"": 0}",True,0
self_only,5,0.05,4,1638,250,1.0,1.0,1.0,1.0,0.0,58.27136000007158,5,0,1.0,1.0,1.0,1.0,1.0,1.0,0.0,0.0,0.0,1.0,1.0,1.0,"{""R1"": 2, ""R2"": 3}",2693,31,"{""ABORT"": 0, ""ACCEPT"": 0, ""COMMIT"": 0, ""PROPOSE_ORDER"": 0, ""PROPOSE_REROUTE"": 0, ""REJECT"": 0}",True,0
self_only,5,0.05,5,1611,230,1.3333333333333333,1.0,2.0,0.8333333333333334,0.0,6774.056283333266,6,0,1.3333333333333333,1.0,2.0,1.3333333333333333,1.0,2.0,0.0,0.0,0.0,1.3333333333333333,1.0,2.0,"{""R1"": 1, ""R2"": 4, ""R4"": 1}",837132,57,"{""ABORT"": 0, ""ACCEPT"": 0, ""COMMIT"": 0, ""PROPOSE_ORDER"": 0, ""PROPOSE_REROUTE"": 0, ""REJECT"": 0}",True,0
self_only,5,0.05,6,1533,191,1.0,1.0,1.0,1.0,0.0,61.7818681666904,6,0,1.0,1.0,1.0,1.0,1.0,1.0,0.0,0.0,0.0,1.0,1.0,1.0,"{""R0"": 1, ""R1"": 1, ""R2"": 4}",1745,41,"{""ABORT"": 0, ""ACCEPT"": 0, ""COMMIT"": 0, ""PROPOSE_ORDER"": 0, ""PROPOSE_REROUTE"": 0, ""REJECT"": 0}",True,0
self_only,5,0.05,7,1289,166,1.125,1.0,2.0,1.0,0.0,83.96845125002983,8,0,1.125,1.0,2.0,1.125,1.0,2.0,0.0,0.0,0.0,1.125,1.0,2.0,"{""R1"": 5, ""R2"": 3}",3672,64,"{""ABORT"": 0, ""ACCEPT"": 0, ""COMMIT"": 0, ""PROPOSE_ORDER"": 0, ""PROPOSE_REROUTE"": 0, ""REJECT"": 0}",True,0
self_only,5,0.05,8,1577,226,1.0,1.0,1.0,1.0,0.0,69.16626079982962,5,0,1.0,1.0,1.0,1.0,1.0,1.0,0.0,0.0,0.0,1.0,1.0,1.0,"{""R1"": 1, ""R2"": 4}",1976,35,"{""ABORT"": 0, ""ACCEPT"": 0, ""COMMIT"": 0, ""PROPOSE_ORDER"": 0, ""PROPOSE_REROUTE"": 0, ""REJECT"": 0}",True,0
self_only,5,0.05,9,1501,200,1.0,1.0,1.0,1.0,0.0,37.827544800165924,5,0,1.0,1.0,1.0,1.0,1.0,1.0,0.0,0.0,0.0,1.0,1.0,1.0,"{""R1"": 2, ""R2"": 3}",1370,37,"{""ABORT"": 0, ""ACCEPT"": 0, ""COMMIT"": 0, ""PROPOSE_ORDER"": 0, ""PROPOSE_REROUTE"": 0, ""REJECT"": 0}",True,0
self_only,10,0.05,0,2730,202,1.1666666666666667,1.0,2.0,0.9166666666666666,0.0,53.37562999996711,12,0,1.1666666666666667,1.0,2.0,1.1666666666666667,1.0,2.0,0.0,0.0,0.0,1.1666666666666667,1.0,2.0,"{""R0"": 1, ""R1"": 7, ""R2"": 3, ""R4"": 1}",3693,83,"{""ABORT"": 0, ""ACCEPT"": 0, ""COMMIT"": 0, ""PROPOSE_ORDER"": 0, ""PROPOSE_REROUTE"": 0, ""REJECT"": 0}",True,0
self_only,10,0.05,1,2835,283,1.0769230769230769,1.0,2.0,0.9230769230769231,0.0,1876.7775183076503,13,0,1.0769230769230769,1.0,2.0,1.0769230769230769,1.0,2.0,0.0,0.0,0.0,1.0769230769230769,1.0,2.0,"{""R0"": 1, ""R1"": 7, ""R2"": 4, ""R4"": 1}",440800,82,"{""ABORT"": 0, ""ACCEPT"": 0, ""COMMIT"": 0, ""PROPOSE_ORDER"": 0, ""PROPOSE_REROUTE"": 0, ""REJECT"": 0}",True,0
self_only,10,0.05,2,2657,207,1.0,1.0,1.0,1.0,0.0,48.316462714345626,7,0,1.0,1.0,1.0,1.0,1.0,1.0,0.0,0.0,0.0,1.0,1.0,1.0,"{""R1"": 3, ""R2"": 4}",2111,45,"{""ABORT"": 0, ""ACCEPT"": 0, ""COMMIT"": 0, ""PROPOSE_ORDER"": 0, ""PROPOSE_REROUTE"": 0, ""REJECT"": 0}",True,0
self_only,10,0.05,3,3006,305,1.25,1.0,2.0,0.75,0.0,5058.33770612503,8,0,1.25,1.0,2.0,1.25,1.0,2.0,0.0,0.0,0.0,1.25,1.0,2.0,"{""R1"": 2, ""R2"": 4, ""R4"": 2}",823815,46,"{""ABORT"": 0, ""ACCEPT"": 0, ""COMMIT"": 0, ""PROPOSE_ORDER"": 0, ""PROPOSE_REROUTE"": 0, ""REJECT"": 0}",True,0
self_only,10,0.05,4,2744,236,1.2857142857142858,1.0,2.0,1.0,0.0,59.26120999980152,7,0,1.2857142857142858,1.0,2.0,1.2857142857142858,1.0,2.0,0.0,0.0,0.0,1.2857142857142858,1.0,2.0,"{""R1"": 3, ""R2"": 4}",3294,57,"{""ABORT"": 0, ""ACCEPT"": 0, ""COMMIT"": 0, ""PROPOSE_ORDER"": 0, ""PROPOSE_REROUTE"": 0, ""REJECT"": 0}",True,0
self_only,10,0.05,5,2645,226,1.2,1.0,2.0,1.0,0.0,394.81257349998486,10,0,1.2,1.0,2.0,1.2,1.0,2.0,0.0,0.0,0.0,1.2,1.0,2.0,"{""R0"": 3, ""R1"": 4, ""R2"": 2, ""R4"": 1}",94557,79,"{""ABORT"": 0, ""ACCEPT"": 0, ""COMMIT"": 0, ""PROPOSE_ORDER"": 0, ""PROPOSE_REROUTE"": 0, ""REJECT"": 0}",True,0
self_only,10,0.05,6,2745,238,1.0,1.0,1.0,1.0,0.0,107.84428337501595,8,0,1.0,1.0,1.0,1.0,1.0,1.0,0.0,0.0,0.0,1.0,1.0,1.0,"{""R1"": 6, ""R2"": 2}",11602,54,"{""ABORT"": 0, ""ACCEPT"": 0, ""COMMIT"": 0, ""PROPOSE_ORDER"": 0, ""PROPOSE_REROUTE"": 0, ""REJECT"": 0}",True,0
self_only,10,0.05,7,2566,210,1.5,1.0,3.0,1.0,0.0,1584.8998175000208,6,0,1.5,1.0,3.0,1.5,1.0,3.0,0.0,0.0,0.0,1.5,1.0,3.0,"{""R1"": 1, ""R2"": 4, ""R4"": 1}",4208,119,"{""ABORT"": 0, ""ACCEPT"": 0, ""COMMIT"": 0, ""PROPOSE_ORDER"": 0, ""PROPOSE_REROUTE"": 0, ""REJECT"": 0}",True,0
self_only,10,0.05,8,2744,207,1.2857142857142858,1.0,2.0,1.0,0.0,89.51984785718585,7,0,1.2857142857142858,1.0,2.0,1.2857142857142858,1.0,2.0,0.0,0.0,0.0,1.2857142857142858,1.0,2.0,"{""R1"": 3, ""R2"": 4}",2674,59,"{""ABORT"": 0, ""ACCEPT"": 0, ""COMMIT"": 0, ""PROPOSE_ORDER"": 0, ""PROPOSE_REROUTE"": 0, ""REJECT"": 0}",True,0
self_only,10,0.05,9,2405,164,1.125,1.0,2.0,1.0,0.0,59.55968612488505,8,0,1.125,1.0,2.0,1.125,1.0,2.0,0.0,0.0,0.0,1.125,1.0,2.0,"{""R0"": 2, ""R1"": 3, ""R2"": 3}",2427,64,"{""ABORT"": 0, ""ACCEPT"": 0, ""COMMIT"": 0, ""PROPOSE_ORDER"": 0, ""PROPOSE_REROUTE"": 0, ""REJECT"": 0}",True,0
self_only,20,0.05,0,5284,214,1.0909090909090908,1.0,2.0,0.9090909090909091,0.0,7230.205597636252,11,0,1.0909090909090908,1.0,2.0,1.0909090909090908,1.0,2.0,0.0,0.0,0.0,1.0909090909090908,1.0,2.0,"{""R0"": 1, ""R1"": 5, ""R2"": 4, ""R4"": 1}",1632658,80,"{""ABORT"": 0, ""ACCEPT"": 0, ""COMMIT"": 0, ""PROPOSE_ORDER"": 0, ""PROPOSE_REROUTE"": 0, ""REJECT"": 0}",True,0
self_only,20,0.05,2,5051,248,1.2777777777777777,1.0,3.0,1.0,0.0,109.42524527773558,18,0,1.2777777777777777,1.0,3.0,1.2777777777777777,1.0,3.0,0.0,0.0,0.0,1.2777777777777777,1.0,3.0,"{""R0"": 1, ""R1"": 14, ""R2"": 3}",8840,136,"{""ABORT"": 0, ""ACCEPT"": 0, ""COMMIT"": 0, ""PROPOSE_ORDER"": 0, ""PROPOSE_REROUTE"": 0, ""REJECT"": 0}",True,0
self_only,20,0.05,3,5005,184,1.0,1.0,1.0,1.0,0.0,121.60049621434155,14,0,1.0,1.0,1.0,1.0,1.0,1.0,0.0,0.0,0.0,1.0,1.0,1.0,"{""R1"": 11, ""R2"": 3}",12861,82,"{""ABORT"": 0, ""ACCEPT"": 0, ""COMMIT"": 0, ""PROPOSE_ORDER"": 0, ""PROPOSE_REROUTE"": 0, ""REJECT"": 0}",True,0
self_only,20,0.05,4,5134,203,1.0121212121212122,1.0,2.0,1.0,0.0,50.961767666668685,330,0,1.0121212121212122,1.0,2.0,1.0121212121212122,1.0,2.0,0.0,0.0,0.0,1.0121212121212122,1.0,2.0,"{""R0"": 317, ""R1"": 8, ""R2"": 5}",163772,2324,"{""ABORT"": 0, ""ACCEPT"": 0, ""COMMIT"": 0, ""PROPOSE_ORDER"": 0, ""PROPOSE_REROUTE"": 0, ""REJECT"": 0}",False,0
self_only,20,0.05,5,4986,215,1.1538461538461537,1.0,2.0,1.0,0.0,107.87723930773679,13,0,1.1538461538461537,1.0,2.0,1.1538461538461537,1.0,2.0,0.0,0.0,0.0,1.1538461538461537,1.0,2.0,"{""R0"": 1, ""R1"": 8, ""R2"": 4}",12996,77,"{""ABORT"": 0, ""ACCEPT"": 0, ""COMMIT"": 0, ""PROPOSE_ORDER"": 0, ""PROPOSE_REROUTE"": 0, ""REJECT"": 0}",True,0
self_only,20,0.05,6,5260,231,1.2666666666666666,1.0,2.0,1.0,0.0,174.77381233329652,15,0,1.2666666666666666,1.0,2.0,1.2666666666666666,1.0,2.0,0.0,0.0,0.0,1.2666666666666666,1.0,2.0,"{""R0"": 2, ""R1"": 10, ""R2"": 3}",41340,113,"{""ABORT"": 0, ""ACCEPT"": 0, ""COMMIT"": 0, ""PROPOSE_ORDER"": 0, ""PROPOSE_REROUTE"": 0, ""REJECT"": 0}",True,0
self_only,20,0.05,7,4952,208,1.2727272727272727,1.0,4.0,1.0,0.0,71.71609545465881,11,0,1.2727272727272727,1.0,4.0,1.2727272727272727,1.0,4.0,0.0,0.0,0.0,1.2727272727272727,1.0,4.0,"{""R0"": 1, ""R1"": 6, ""R2"": 4}",5568,83,"{""ABORT"": 0, ""ACCEPT"": 0, ""COMMIT"": 0, ""PROPOSE_ORDER"": 0, ""PROPOSE_REROUTE"": 0, ""REJECT"": 0}",True,0
self_only,20,0.05,8,5136,222,1.5,1.0,3.0,1.0,0.0,129.51989449993562,8,0,1.5,1.0,3.0,1.5,1.0,3.0,0.0,0.0,0.0,1.5,1.0,3.0,"{""R1"": 6, ""R2"": 2}",7746,74,"{""ABORT"": 0, ""ACCEPT"": 0, ""COMMIT"": 0, ""PROPOSE_ORDER"": 0, ""PROPOSE_REROUTE"": 0, ""REJECT"": 0}",True,0
self_only,20,0.05,9,5067,193,1.2857142857142858,1.0,2.0,1.0,0.0,148.98749557154846,14,0,1.2857142857142858,1.0,2.0,1.2857142857142858,1.0,2.0,0.0,0.0,0.0,1.2857142857142858,1.0,2.0,"{""R0"": 2, ""R1"": 9, ""R2"": 3}",13261,110,"{""ABORT"": 0, ""ACCEPT"": 0, ""COMMIT"": 0, ""PROPOSE_ORDER"": 0, ""PROPOSE_REROUTE"": 0, ""REJECT"": 0}",True,0
self_only,30,0.05,0,7472,195,1.3333333333333333,1.0,3.0,1.0,0.0,97.44191141665699,12,0,1.3333333333333333,1.0,3.0,1.3333333333333333,1.0,3.0,0.0,0.0,0.0,1.3333333333333333,1.0,3.0,"{""R1"": 6, ""R2"": 6}",7204,100,"{""ABORT"": 0, ""ACCEPT"": 0, ""COMMIT"": 0, ""PROPOSE_ORDER"": 0, ""PROPOSE_REROUTE"": 0, ""REJECT"": 0}",True,0
self_only,30,0.05,1,8271,242,1.2307692307692308,1.0,2.0,1.0,0.0,285.9931246153932,13,0,1.2307692307692308,1.0,2.0,1.2307692307692308,1.0,2.0,0.0,0.0,0.0,1.2307692307692308,1.0,2.0,"{""R1"": 7, ""R2"": 6}",42827,100,"{""ABORT"": 0, ""ACCEPT"": 0, ""COMMIT"": 0, ""PROPOSE_ORDER"": 0, ""PROPOSE_REROUTE"": 0, ""REJECT"": 0}",True,0
self_only,30,0.05,2,7616,231,1.2142857142857142,1.0,2.0,1.0,0.0,150.43227335718257,14,0,1.2142857142857142,1.0,2.0,1.2142857142857142,1.0,2.0,0.0,0.0,0.0,1.2142857142857142,1.0,2.0,"{""R0"": 3, ""R1"": 8, ""R2"": 3}",7490,102,"{""ABORT"": 0, ""ACCEPT"": 0, ""COMMIT"": 0, ""PROPOSE_ORDER"": 0, ""PROPOSE_REROUTE"": 0, ""REJECT"": 0}",True,0
self_only,30,0.05,4,7745,214,1.0199203187250996,1.0,4.0,1.0,0.0,93.23512039441718,251,0,1.0199203187250996,1.0,4.0,1.0199203187250996,1.0,4.0,0.0,0.0,0.0,1.0199203187250996,1.0,4.0,"{""R0"": 240, ""R1"": 8, ""R2"": 3}",164135,1766,"{""ABORT"": 0, ""ACCEPT"": 0, ""COMMIT"": 0, ""PROPOSE_ORDER"": 0, ""PROPOSE_REROUTE"": 0, ""REJECT"": 0}",False,0
self_only,30,0.05,5,7360,193,1.5263157894736843,1.0,3.0,1.0,0.0,109.06423110530963,19,1,1.5263157894736843,1.0,3.0,1.5263157894736843,1.0,3.0,0.0,0.0,0.0,1.5263157894736843,1.0,3.0,"{""R0"": 2, ""R1"": 11, ""R2"": 6}",11050,163,"{""ABORT"": 0, ""ACCEPT"": 0, ""COMMIT"": 0, ""PROPOSE_ORDER"": 0, ""PROPOSE_REROUTE"": 0, ""REJECT"": 0}",True,1
self_only,30,0.05,6,7607,232,1.5,1.0,3.0,1.0,0.0,103.92900249997992,18,0,1.5,1.0,3.0,1.5,1.0,3.0,0.0,0.0,0.0,1.5,1.0,3.0,"{""R0"": 1, ""R1"": 11, ""R2"": 6}",19572,139,"{""ABORT"": 0, ""ACCEPT"": 0, ""COMMIT"": 0, ""PROPOSE_ORDER"": 0, ""PROPOSE_REROUTE"": 0, ""REJECT"": 0}",True,0
self_only,30,0.05,7,7163,204,1.3,1.0,2.0,0.9,0.0,14042.303985599938,10,0,1.3,1.0,2.0,1.3,1.0,2.0,0.0,0.0,0.0,1.3,1.0,2.0,"{""R1"": 5, ""R2"": 4, ""R4"": 1}",2424695,89,"{""ABORT"": 0, ""ACCEPT"": 0, ""COMMIT"": 0, ""PROPOSE_ORDER"": 0, ""PROPOSE_REROUTE"": 0, ""REJECT"": 0}",True,0
self_only,30,0.05,8,7173,192,1.3333333333333333,1.0,3.0,1.0,0.0,161.8676058889024,9,0,1.3333333333333333,1.0,3.0,1.3333333333333333,1.0,3.0,0.0,0.0,0.0,1.3333333333333333,1.0,3.0,"{""R0"": 1, ""R1"": 4, ""R2"": 4}",6415,56,"{""ABORT"": 0, ""ACCEPT"": 0, ""COMMIT"": 0, ""PROPOSE_ORDER"": 0, ""PROPOSE_REROUTE"": 0, ""REJECT"": 0}",True,0
